{"LSTM": {"accuracy": 0.923, "precision": 0.9278761009673417, "recall": 0.923, "f1_score": 0.9233427029498003}, "CNN": {"accuracy": 0.919, "precision": 0.9187284450453284, "recall": 0.919, "f1_score": 0.9186277523005005}, "Transformer": {"accuracy": 0.922, "precision": 0.9219616708222333, "recall": 0.922, "f1_score": 0.9219793895789047}, "MLP": {"accuracy": 0.93, "precision": 0.9300799941041141, "recall": 0.93, "f1_score": 0.9299999933318993}}