{"accuracy": 0.923, "precision": 0.9278761009673417, "recall": 0.923, "f1_score": 0.9233427029498003}